{
    "available_space": true,
    "id": "t",
    "size_max": 26.812488555908203,
    "size_mean": 8.69681978225708,
    "size_min": 0.8271608352661133,
    "total_size": 921.8628969192505
}