{
    "available_space": true,
    "size_max": 26.812488555908203,
    "size_mean": 8.771677879186777,
    "size_min": 0.8271608352661133,
    "total_size": 912.2544994354248,
    "video_list": {
        "THE HOLY MESS - 'SPENCER REID'-k52xa-LZy_A.mp4": {
            "size": 8.747194290161133
        },
        "TOTAL CHAOS - HORROR VISIONS-1I1zPgcT9jI.mp4": {
            "size": 4.713631629943848
        },
        "The Flying Rebollos & Roberto Iniesta & Fito - Mis amigos-vJbH9CNTwWE.mp4": {
            "size": 3.416959762573242
        },
        "The Good Life - Lovers Need Lawyers [Official Music Video].mp4": {
            "size": 6.894878387451172
        },
        "The Greatest Showman Cast - Tightrope (Official Audio)-He5NctQPXK8.mp4": {
            "size": 8.863286972045898
        },
        "The Growlers - .mp4": {
            "size": 18.78126621246338
        },
        "The Impact Of Reason-a0VYlpzYASo.mp4": {
            "size": 8.45265007019043
        },
        "The Jam - Away From The Numbers-Gm4l3dPFFBk.mp4": {
            "size": 6.833495140075684
        },
        "The Jam - Saturdays Kids-PKtvbau5CX0.mp4": {
            "size": 3.7894411087036133
        },
        "The Jam - When You're Young-GO-3oXkZwPg.mp4": {
            "size": 11.793097496032715
        },
        "The Jimi Hendrix Experience - Voodoo Child (Slight Return) (Live In Maui, 1970)-qFfnlYbFEiE.mp4": {
            "size": 26.812488555908203
        },
        "The Judas Kiss-CootZGpMKHI.mp4": {
            "size": 20.060123443603516
        },
        "The Man Who Never Lied-EwUiqHDpUks.mp4": {
            "size": 8.64660930633545
        },
        "The Mars Volta - Drunkship of Lanterns-fE6YN9VcPPA.mp4": {
            "size": 11.25770092010498
        },
        "The Mars Volta - Son et Lumiere - Inertiatic Esp subtitulada-VcL5sfl4H1w.mp4": {
            "size": 7.626861572265625
        },
        "The Mars Volta - Televators-C4FG_xZAzsQ.mp4": {
            "size": 10.57774829864502
        },
        "The Mars Volta - The Widow (Official Video)-VUBQLnEGHNk.mp4": {
            "size": 14.427285194396973
        },
        "The Mars Volta-Eriatarka-KQDcrFVN8mk.mp4": {
            "size": 10.119962692260742
        },
        "The Misfits--Astro Zombies-HZJPPOLBDcc.mp4": {
            "size": 4.852217674255371
        },
        "The National - Fake Empire-KehwyWmXr3U.mp4": {
            "size": 7.084216117858887
        },
        "The Ocean Blue - Ballerina Out Of Control (Video)-2FJF4Swq_PU.mp4": {
            "size": 13.456154823303223
        },
        "The Ocean Blue - Ice Skating at Night-OuepJp9raLo.mp4": {
            "size": 16.424248695373535
        },
        "The Perfect Book (Book of books) - Awana-amJI8veRjrI.mp4": {
            "size": 6.8358259201049805
        },
        "The Pierces - You'll Be Mine-Kzv6MsV68kQ.mp4": {
            "size": 16.493809700012207
        },
        "The Pointer Sisters-I,m So Excited-2002-sS6eUIpwwds.mp4": {
            "size": 26.22789192199707
        },
        "The Puppet-e4fAoGTvNLc.mp4": {
            "size": 6.03557014465332
        },
        "The Relativez  - Me'chelle-b7V_8u2NMRQ.mp4": {
            "size": 7.825015068054199
        },
        "The Residents  - Troubled Man-oCmrpJhDlXg.mp4": {
            "size": 5.366315841674805
        },
        "The Residents -  Easter Woman-gK8IKQqOkug.mp4": {
            "size": 4.133699417114258
        },
        "The Residents -  End of Home-PP1tVGaPMCc.mp4": {
            "size": 3.6396780014038086
        },
        "The Residents - Amber-GFHs3Wzd19U.mp4": {
            "size": 2.832082748413086
        },
        "The Residents - Japanese Watercolor-DWKeA6tiQ6g.mp4": {
            "size": 5.065483093261719
        },
        "The Residents - LaLa-8vk3BSuwtEM.mp4": {
            "size": 3.0448226928710938
        },
        "The Residents - Loneliness-P3U5CQ8N8TY.mp4": {
            "size": 3.091716766357422
        },
        "The Residents - Love Is...-UwfE03dfco0.mp4": {
            "size": 4.474908828735352
        },
        "The Residents - My Second Wife-vGnx_TpdVHA.mp4": {
            "size": 4.377946853637695
        },
        "The Residents - Perfect Love-UlRge_Fkdjk.mp4": {
            "size": 4.857690811157227
        },
        "The Residents - Picnic Boy-mFpnptcqtkg.mp4": {
            "size": 4.402469635009766
        },
        "The Residents - Rest Aria-24qySJQjIdE.mp4": {
            "size": 6.371742248535156
        },
        "The Residents - Smelly Tongues-mUxN4gyarEw.mp4": {
            "size": 1.688516616821289
        },
        "The Residents - The Coming Of The Crow-ljQ51AVB_DU.mp4": {
            "size": 2.8623342514038086
        },
        "The Residents - The Talk Of Creatures-HUCwWQMt2_o.mp4": {
            "size": 4.159758567810059
        },
        "The Residents - When We Were Young-WnDCek4Y-_Q.mp4": {
            "size": 4.003140449523926
        },
        "The Shadows - The Rise And Fall of Flingel Bunt-g9SSw6o3sOY.mp4": {
            "size": 4.938320159912109
        },
        "The Smiths - This Charming Man (Official Music Video)-cJRP3LRcUFg.mp4": {
            "size": 8.83138370513916
        },
        "The Smiths - Well I wonder (Lyrics _ Sub Espa\u00f1ol - Ingles)-cV12iHvpDTM.mp4": {
            "size": 15.052627563476562
        },
        "The Sopranos theme song - Woke up this morning-YDDkCiUhHCc.mp4": {
            "size": 4.4224348068237305
        },
        "The Staple Singers - I'll Take You There [Full Length Version]-uY3vgBzgYn4.mp4": {
            "size": 8.324695587158203
        },
        "The Stone Roses - Bye Bye Badman (audio only)-UVwLhV1oY1c.mp4": {
            "size": 10.453229904174805
        },
        "The Stray Cats - Rumble In Brighton-eiq0hKW39rk.mp4": {
            "size": 5.119672775268555
        },
        "The Surfaris - The Crusher (Bombora)-nJlZQklA7bQ.mp4": {
            "size": 2.566840171813965
        },
        "The Transplants - D.R.E.A.M.-O5YeeflY_Jc.mp4": {
            "size": 9.513642311096191
        },
        "The Transplants - Sad But True Music Video-YyAZ9WnAaH8.mp4": {
            "size": 11.409920692443848
        },
        "The Unforgiven III-dXl2exeH8tI.mp4": {
            "size": 19.50207805633545
        },
        "The Vaughan Brothers - Good Texan-DA_V0W3qtMY.mp4": {
            "size": 16.70432186126709
        },
        "The Weeknd - Call Out My Name (Official Video)-M4ZoCHID9GI.mp4": {
            "size": 12.104583740234375
        },
        "The World Has Turned And Left Me Here-sRfu94lOEPo.mp4": {
            "size": 6.727060317993164
        },
        "The mars volta - Miranda That Ghost Just Isn't Holy Anymore-BxTTg0gJquM.mp4": {
            "size": 5.425252914428711
        },
        "Thelonious Monk Quartet - 'Round Midnight--yg7aZpIXRI.mp4": {
            "size": 17.022042274475098
        },
        "Therion   Quetzalcoatl subtitulos en espa\u00f1ol-L4ePI1zkkyQ.mp4": {
            "size": 10.093080520629883
        },
        "They Call Me Guitar Hurricane (Live at Steamboat 1874, Austin, TX - April 1980)-J8BD-Veseo0.mp4": {
            "size": 7.142345428466797
        },
        "They Might Be Giants - Istanbul _Sub.Espa\u00f1ol-BX6eaRwr0sg.mp4": {
            "size": 5.680793762207031
        },
        "Thirteen Women - Bill Haley and his Comets-hOSGEEswmqQ.mp4": {
            "size": 4.834733963012695
        },
        "This Apparatus Must Be Unearthed-EOsfDyteYeM.mp4": {
            "size": 6.950067520141602
        },
        "This Cocaine Makes Me Feel Like I'm On This Song-oaDnuExc1sI.mp4": {
            "size": 1.943699836730957
        },
        "Tiago PZK x Krom - It's Coming (Video Oficial)-UxR-7Cyraeo.mp4": {
            "size": 13.94041919708252
        },
        "Tiempo Perdido-iKEc9JMMpvU.mp4": {
            "size": 3.509794235229492
        },