{
    "available_space": true,
    "id": "t",
    "size_max": 26.812488555908203,
    "size_mean": 8.771677879186777,
    "size_min": 0.8271608352661133,
    "total_size": 912.2544994354248
}